id,FirstName,LastName,Sports,City,Country
1001,Emerry,Blair,Basketball,Qutubullapur,San Marino
1002,Zephr,Stephenson,Cricket,Neerharen,Dominican Republic
1003,Autumn,Bean,Basketball,Ananindeua,Guinea-Bissau
1004,Kasimir,Vance,Badminton,Tintigny,Tanzania
1005,Mufutau,Flores,,Castelnuovo Magra,Czech Republuic
1006,Ayanna,Banks,Football,Mailaga,Slovenia
1007,Selma,Ball,Tennis,Hillsboro,"Korea, North"
1008,Berk,Fuller,Badminton,Solingen,Solomon Islands
1009,Imogene,Terrell,,Saint-Georges,Montenegro
1010,Colorado,Hutchinson,Tennis,Warwick,Monaco
1011,Emerson,Castillo,Basketball,Schore,"Saint Helena, Ascension and Tristan da Cunha"
1012,Caleb,Delaney,Badminton,Jauche,Antarctica
1013,Kasper,Davenport,Badminton,Jaunpur,Paraguay
1014,Joshua,Acosta,Tennis,Embourg,Myanmar
1015,Ria,Romero,Cricket,Kędzierzyn-Koźle,Australia
1016,Luke,Russell,Tennis,Pietraroja,Latvia
1017,Ferdinand,Holcomb,Cricket,Masterton,Macedonia
1018,Xyla,Bennett,Badminton,Los Vilos,Ghana
1019,Callum,Newton,Tennis,Genzano di Lucania,Burkina Faso
1020,Kasimir,Nicholson,Badminton,Weelde,Panama
1021,Bruce,Navarro,Badminton,Gloucester,Hungary
1022,Xena,Cooley,Badminton,Teodoro Schmidt,Brazil
1023,Oliver,Benson,Football,Salzgitter,Sint Maarten
1024,Graiden,Hunt,Badminton,Hofors,Bolivia
1025,Jenette,Love,Badminton,Warburg,Iraq
1026,Eaton,Howe,Football,Lloydminster,Bosnia and Herzegovina
1027,Rhona,Buckley,Badminton,Klagenfurt,Liberia
1028,Ariel,Erickson,Football,Billings,Guam
1029,Beatrice,Giles,Badminton,Ethe,Marshall Islands
1030,Vivian,Dickerson,Tennis,Mores,Qatar
1031,Clio,Tyler,Tennis,Oklahoma City,Georgia
1032,Naomi,Shelton,Basketball,San Cristóbal de la Laguna,Suriname
1033,Stewart,Klein,Football,Harrison Hot Springs,Venezuela
1034,Imani,Ferguson,Basketball,Malderen,Greece
1035,Maile,Robinson,Tennis,Frauenkirchen,Bulgaria
1036,Amal,Douglas,Football,Milmort,Nicaragua
1037,Dean,Hamilton,Badminton,Provo,Jamaica
1038,Simon,Bass,Football,Lions Bay,Bhutan
1039,Aretha,Hood,Tennis,Pepingen,Tunisia
1040,Abdul,Ingram,Football,Pocatello,United Kingdom (Great Britain)
1041,Nathan,Bradford,Basketball,Houtvenne,Nauru
1042,Amethyst,Orr,Badminton,Hudson Bay,Liechtenstein
1043,Vanna,Good,Badminton,Chimay,Georgia
1044,Allistair,Alford,Basketball,Mignanego,Philippines
1045,Elijah,Waller,Badminton,Monfumo,Tunisia
1046,Lesley,Cherry,Badminton,Wallasey,Kuwait
1047,Ginger,Woods,Basketball,Hoogstraten,Yemen
1048,Jolene,Bradshaw,Badminton,Ruisbroek,Guinea
1049,Ralph,Maynard,Cricket,Barchi,Iceland
1050,Eaton,Howard,Cricket,San Antonio,Bahrain
1051,Brett,Kelly,Badminton,Tampa,Bangladesh
1052,Yolanda,Mooney,Basketball,Nuremberg,Mali
1053,Guy,Bauer,Football,Maastricht,Dominican Republic
1054,Charles,Saunders,Cricket,Sint-Pieters-Leeuw,Sierra Leone
1055,Laith,Mccray,Tennis,Alvito,Argentina
1056,Kristen,Beard,,Guna,Netherlands
1057,Jacqueline,Bauer,Tennis,Richmond,Costa Rica
1058,Solomon,Lowe,Badminton,Cannalonga,South Africa
1059,Lamar,Trujillo,Football,Palena,Cape Verde
1060,Xaviera,Chang,Football,Lisieux,Brazil
1061,Irma,Osborn,Badminton,Oostende,South Georgia and The South Sandwich Islands
1062,Clinton,Dyer,Football,Iowa City,Kenya
1063,Jared,Marsh,Tennis,St. Clears,Switzerland
1064,Harlan,Swanson,Badminton,Worcester,"Congo, the Democratic Republic of the"
1065,Jerry,Solomon,Football,Tulita,Vanuatu
1066,Kameko,Blackburn,Badminton,Newquay,Bermuda
1067,Gareth,Dotson,Cricket,Jefferson City,Somalia
1068,Chava,Perez,Football,Barry,Nicaragua
1069,Ina,Christian,Cricket,Biggleswade,Cuba
1070,Guinevere,Walsh,Football,Chilliwack,Italy
1071,Michelle,Reyes,Football,Motherwell,Sri Lanka
1072,Eleanor,Caldwell,Tennis,Camponogara,French Guiana
1073,Tashya,Dixon,Football,Bazel,Niger
1074,Rudyard,Flynn,Basketball,Narbonne,Guinea-Bissau
1075,Jacob,Ellison,Football,Ujjain,Romania
1076,Denton,Simpson,Tennis,Belfort,Botswana
1077,Cooper,Blanchard,Tennis,Hofheim am Taunus,Côte D'Ivoire (Ivory Coast)
1078,Piper,Estrada,,Vitrival,Yemen
1079,Zia,Lott,Cricket,Ranchi,Guinea-Bissau
1080,Ivor,Sanford,Basketball,Lexington,Maldives
1081,Hammett,Schwartz,,Wilhelmshaven,Maldives
1082,Addison,Murray,Football,Harlingen,Djibouti
1083,Bo,Jimenez,Cricket,El Monte,Cambodia
1084,Gregory,Oliver,Cricket,Daska,Peru
1085,Chanda,Foster,Football,Shrewsbury,Gibraltar
1086,Nyssa,Robbins,Tennis,Tain,El Salvador
1087,Malachi,Dunlap,Football,Issime,Afghanistan
1088,Kai,Melendez,Badminton,Caxias,Nepal
1089,Lillith,Cantu,Basketball,Chandrapur,Lesotho
1090,Keane,Faulkner,Badminton,Saint-Herblain,Central African Republic
1091,Nasim,Butler,Football,Boston,Heard Island and Mcdonald Islands
1092,Heidi,Carroll,Cricket,Boninne,Russian Federation
1093,Geraldine,Morse,Basketball,Keumiee,Marshall Islands
1094,Hadley,Boyer,Badminton,Bazzano,Mongolia
1095,Geoffrey,Hudson,Cricket,Cropalati,Burkina Faso
1096,Savannah,Parsons,Basketball,Camiña,Malta
1097,Alden,Burgess,Basketball,Olinda,Brazil
1098,Aristotle,Patel,,Porvenir,Belarus
1099,Jakeem,Dyer,Cricket,Fogo,Bulgaria
1100,Keane,Welch,Football,Cisano sul Neva,Reunion
